{"cameraMode":{"drawMode":0,"name":"Shaded","section":"Shading Mode"},"sceneLighting":false,"audioPlay":false,"sceneViewState":{"m_AlwaysRefresh":false,"showFog":true,"showSkybox":false,"showFlares":true,"showImageEffects":true,"showParticleSystems":true,"showVisualEffectGraphs":true,"m_FxEnabled":true},"in2DMode":false,"pivot":{"x":-0.7799999713897705,"y":2.309999942779541,"z":0.7900000214576721},"rotation":{"x":-0.03307350352406502,"y":0.9503904581069946,"z":-0.28963232040405276,"w":-0.10852636396884918},"size":0.6062177419662476,"orthographic":false}