{"cameraMode":{"drawMode":0,"name":"Shaded","section":"Shading Mode"},"sceneLighting":true,"audioPlay":false,"sceneViewState":{"m_AlwaysRefresh":false,"showFog":true,"showSkybox":true,"showFlares":true,"showImageEffects":true,"showParticleSystems":true,"showVisualEffectGraphs":true,"m_FxEnabled":true},"in2DMode":false,"pivot":{"x":-2.1724891662597658,"y":-3.1596999168395998,"z":3.4400105476379396},"rotation":{"x":-0.03307350352406502,"y":0.9503904581069946,"z":-0.28963232040405276,"w":-0.10852636396884918},"size":15.521247863769532,"orthographic":false}